40449|Łaciate Masło Ekstra 200 G|4.19|PLN|5900820000257|753|83.0|0.8|0.8
9606|Łaciate Mleko Uht 2,0% 1 L|2.65|PLN|5900820000042|50|2.0|4.8|4.8
81970|Mlekovita Wydojone Mleko Bez Laktozy 1,5% 1 L|2.79|PLN|5900512982335|44|1.5|4.7|4.7
2728|Piątnica Śmietana Do Zupy 18% 200 G|1.69|PLN|5900531001031|192|18.0|4.8|4.8
62369|Piątnica Twaróg Wiejski Półtłusty 250 G|3.49|PLN|5900531004018|115|4.0|3.8|3.8
1764|Piątnica Serek Wiejski Naturalny 200 G|1.99|PLN|5900531000010|97|5.0|2.0|2.0
29738|Piątnica Śmietana Do Zupy 18% 400 G|3.15|PLN|5900531001130|192|18.0|4.8|4.8
29752|Mlekovita Masło Polskie Ekstra Bez Dodatków 82% 200 G|4.99|PLN|5900512300108|746|82.0|1.0|1.0
9609|Łaciate Mleko Uht 3,2% 1 L|2.79|PLN|5900820000011|60|3.2|4.7|4.7
62469|Piątnica Mleko Wiejskie Świeże 2,0% 1 L|2.89|PLN|5901939000770|50|2.0|4.8|4.8
6744|Łaciate Mleko Uht 2,0% 500 Ml|1.55|PLN|5900820000158|50|2.0|4.8|4.8
14507|Łaciate Mleko Uht 3,2% 500 Ml|1.55|PLN|5900820000066|60|3.2|4.7|4.7
61513|Mlekovita Masło Ekstra Osełka 300 G|7.79|PLN|5900512990569|746|82.0|1.0|1.0
104738|Zott Primo Jogurt Naturalny 180 G|1.25|PLN|5906040063089|67|3.1|4.0|4.0
61906|Almette Śmietankowy Puszysty Serek Twarogowy 150 G|4.15|PLN|5902899101637|232|20.0|6.2|6.2
80353|Bakoma Jogurt Bio Z Morelami 140 G|1.79|PLN|5900197022371|97|2.5|15.5|15.5
272|Galbani Ser Mozzarella 125 G|3.89|PLN|8000430133035|238|18.0|2.0|2.0
1238|Sm Gostyń Mleko Gostyńskie Zagęszczone Niesłodzone 7,5% 500 G|4.69|PLN|5900691031039|131|7.5|9.4|9.4
88028|Hochland Ser Żółty Gouda W Plastrach 135 G|3.99|PLN|5902899140728|352|28.0|0.0|0.0
62470|Piątnica Mleko Wiejskie Świeże 3,2% 1 L|2.89|PLN|5901939000794|60|3.2|4.7|4.7
61834|Skarby Serowara Ser Bursztyn 190 G|9.99|PLN|5900857004839|383|30.0|1.2|1.2
61147|Zott Monte Deser Mleczny Z Czekoladą I Orzechami 150 G|2.49|PLN|40145990|195|13.3|15.9|15.9
81226|Bakoma Jogurt Bio Z Jagodami 140 G|1.79|PLN|5900197022418|97|2.5|15.5|15.5
43631|Bakoma Jogurt Naturalny Łagodny Smak 170 G|1.39|PLN|5900197010965|61|1.5|7.2|7.2
60756|Bakoma Jogurt Naturalny Typ Grecki 200 G|2.1|PLN|5900197013065|100|7.5|4.7|4.7
31058|Bakoma Jogurt Naturalny Typ Grecki 440 G|3.19|PLN|5900197012723|100|7.5|4.7|4.7
88031|Hochland Ser Żółty Maasdamer W Plastrach 135 G|3.99|PLN|5902899140742|342|26.0|0.0|0.0
2730|Krasnystaw Śmietana 18% Homogenizowana 150 G|1.49|PLN|5902057000680|188|18.0|3.9|3.9
87459|Mlekovita Twaróg Bez Laktozy Półtłusty 230 G|3.19|PLN|5900512982175|120|4.0|4.0|4.0
61784|Mlekpol Ser Królewski Z Kolna W Plastrach 150 G|3.19|PLN|5900820005528|347|27.0|0.0|0.0
94941|Mu! Mleko Uht 1,5% 1 L|2.19|PLN|5901432002653|44|1.5|4.7|4.7
46884|Piątnica Jogurt Naturalny 150 G|0.99|PLN|5900531000423|58|2.0|5.9|5.9
89515|Zott Primo Jogurt Naturalny 180 G|1.69|PLN|5906040063133|65|3.1|3.7|3.7
98846|Zott Primo Śmietanka 30% 200 G|2.99|PLN|5906040063225|293|30.0|3.4|3.4
80349|Bakoma Jogurt Bio Z Wiśniami 140 G|1.79|PLN|5900197022395|97|2.5|15.5|15.5
43335|Bakoma Twist Jogurt Brzoskwinia-Mango 400 G|2.59|PLN|5900197007378|68|1.6|10.6|10.6
61421|Bieluch Jogurt Naturalny 400 G|2.29|PLN|5902061001208|56|2.0|5.5|5.5
1893|Bieluch Serek Naturalny 150 G|1.99|PLN|5902061000164|127|8.5|4.0|4.0
62858|Galbani Ser Mozzarella Light 125 G|3.89|PLN|8000430137019|165|9.0|2.0|2.0
88032|Hochland Ser Żółty Tylżycki W Plastrach 135 G|3.99|PLN|5902899140766|385|33.0|0.0|0.0
62786|Mlekovita Favita Ser Sałatkowo-Kanapkowy Półtłusty 270 G|3.69|PLN|5900512700038|190|12.0|7.5|7.5
29749|Mlekovita Mleko Polskie Spożywcze 3,2% 1 L|2.59|PLN|5900512850016|60|3.2|4.7|4.7
91591|Mlekovita Zakopiańskie Specjały Ser Wędzony Mini Gołka Zakopiańska 160 G (4 X 40 G)|5.79|PLN|5900512990552|267|18.5|0.0|0.0
93502|Mu! Mleko Uht 3,2% 1 L|2.29|PLN|5901432000819|60|3.2|4.7|4.7
91589|Piątnica Serek Wiejski Bez Laktozy 200 G|2.49|PLN|5900531004308|97|5.0|2.0|2.0
62366|Piątnica Twaróg Wiejski Lekki 250 G|3.49|PLN|5900531004049|90|0.0|3.5|3.5
29739|Piątnica Twój Smak Puszysty Serek Śmietankowy Naturalny 150 G|2.99|PLN|5900531000706|243|23.0|3.0|3.0
62979|Zott Zottarella Ser Mozzarella 125 G|4.59|PLN|4014500509457|248|19.0|1.5|1.5
61907|Almette Z Ziołami Puszysty Serek Twarogowy 150 G|4.15|PLN|5902899101651|230|20.0|5.6|5.6
93409|Bakoma Jogurt Bio Z Jagodami 230 G|3.28|PLN|5900197023149|81|1.8|13.5|13.5
80351|Bakoma Jogurt Bio Z Owocami Leśnymi 140 G|1.79|PLN|5900197022401|97|2.5|15.5|15.5
3960|Bakoma Jogurt Naturalny Gęsty 170 G|1.25|PLN|5900197000034|58|2.8|4.9|4.9
15035|Bakoma Twist Jogurt Z Owocami Leśnymi 400 G|2.59|PLN|5900197007354|68|1.6|10.6|10.6
61870|Džiugas Mild Ser Twardy Dojrzewający 12 Miesięcy 180 G|9.49|PLN|4770299392259|367|26.0|0.0|0.0
62483|Sm Gostyń Kajmak Masa Krówkowa Gostyńska 510 G|7.99|PLN|5900691031329|288|7.2|49.0|49.0
62529|Sm Gostyń Mleko Gostyńskie Zagęszczone Słodzone 8,0% 530 G|7.59|PLN|5900691031114|326|8.0|55.0|55.0
89517|Greek Style Jogurt Naturalny 10% Tłuszczu 340 G|3.19|PLN|5906295340416|121|10.0|4.4|4.4
61447|Krasnystaw Calpro Jogurt Naturalny 175 G|0.85|PLN|5902057000048|60|2.0|6.0|6.0
62506|Krasnystaw Twoje Zdrowie Mleko 2,0% 1 L|2.39|PLN|5902057002424|47|2.0|4.3|4.3
2731|Krasnystaw Śmietana 12% Homogenizowana 150 G|1.29|PLN|5902057000239|135|12.0|4.0|4.0
61450|Krasnystaw Zsiadłe Mleko Z Krasnegostawu 400 G|1.99|PLN|5902057003254|55|3.0|4.3|4.3
62853|Lazur Ser Pleśniowy Błękitny 100 G|4.89|PLN|5907070001010|366|31.0|1.8|1.8
62901|Lazur Ser Pleśniowy Złocisty 100 G|4.89|PLN|5907070003113|349|30.0|1.8|1.8
33419|Łaciata Śmietanka 30% 250 Ml|3.49|PLN|5900820008079|292|30.0|3.3|3.3
33420|Łaciata Śmietanka 12% 250 Ml|2.1|PLN|5900820008055|137|12.0|4.2|4.2
62561|Łaciate Junior Mleko Uht 3,8% 1 L|2.89|PLN|5900820012519|66|3.8|4.7|4.7
62504|Łaciate Mleko Świeże 2% 1 L|2.45|PLN|5900820012212|50|2.0|4.8|4.8
97254|Łaciaty Jogurt Pitny Jeżyna Malina Bez Laktozy 250 Ml|1.45|PLN|5900820006945|66|1.8|9.5|9.5
20454|Maluta Jogurt Typ Bałkański 340 G|3.19|PLN|5904467109243|118|9.0|5.0|5.0
55023|Mlekovita Masło Klarowane 500 G|18.49|PLN|5900512300054|898|99.8|0.1|0.1
5775|Mlekovita Masło Polskie Ekstra Bez Dodatków 82% 100 G|2.79|PLN|5900512300207|746|82.0|1.0|1.0
29750|Mlekovita Mleko Polskie Spożywcze 2,0% 1 L|2.45|PLN|5900512850023|49|2.0|4.7|4.7
46883|Mlekovita Polski Wiejski Lekki Serek Twarogowy Ziarnisty Ze Śmietanką 150 G|1.69|PLN|5900512500621|81|3.0|2.4|2.4
62396|Mlekpol Mazurski Smak Twaróg Półtłusty 250 G|3.69|PLN|5900820007768|115|4.0|3.7|3.7
61783|Mlekpol Ser Gouda W Plastrach 150 G|3.19|PLN|5900820005504|347|27.0|0.0|0.0
61785|Mlekpol Ser Salami W Plastrach 150 G|3.19|PLN|5900820005726|343|27.0|0.0|0.0
61161|Naturek Nasz Puszysty Śmietankowy Serek Twarogowy 140 G|3.29|PLN|5901524262712|257|24.0|3.1|3.1
61491|Piątnica Jogurt Naturalny 330 G|1.59|PLN|5900531003738|58|2.0|5.9|5.9
21860|Piątnica Ser Mascarpone 250 G|6.49|PLN|5900531001406|394|40.0|5.1|5.1
62289|Piątnica Serek Wiejski Z Brzoskwinią 150 G|2.19|PLN|5900531000935|110|4.0|10.0|10.0
62332|Piątnica Serek Wiejski Z Malinami I Żurawiną 150 G|2.19|PLN|5900531000980|110|4.0|10.0|10.0
63212|Piątnica Śmietana Do Sałatek Sosów Zup 12% 200 G|1.69|PLN|5901939010014|134|12.0|3.9|3.9
44228|Piątnica Twój Smak Serek Śmietankowy Naturalny 135 G|2.19|PLN|5900531000508|243|23.0|3.0|3.0
40831|Président Ser Camembert Chili 120 G|3.29|PLN|5906207570078|357|32.0|0.2|0.2
44437|Président Twaróg Sernikowy 1 Kg|9.99|PLN|5908275688587|92|4.0|4.2|4.2
89511|Bakoma Jogurt Bio Naturalny 140 G|1.79|PLN|5900197022548|65|2.0|7.0|7.0
93410|Bakoma Jogurt Bio Z Morelami 230 G|3.39|PLN|5900197023132|81|1.8|13.5|13.5
80356|Bakoma Jogurt Bio Z Truskawkami 140 G|1.79|PLN|5900197022388|97|2.5|15.5|15.5
60759|Bakoma Jogurt Naturalny Gęsty 430 G|3.19|PLN|5900197002595|58|2.8|4.9|4.9
40780|Bakoma Polskie Smaki Deser Jogurtowy Z Truskawkami 120 G|0.99|PLN|5900197013539|71|1.3|12.7|12.7
60752|Bakoma Polskie Smaki Deser Jogurtowy Z Wiśniami 120 G|0.99|PLN|5900197013553|71|1.3|12.7|12.7
43334|Bakoma Twist Jogurt Malinowy 400 G|2.59|PLN|5900197007644|68|1.6|10.6|10.6
43336|Bakoma Twist Jogurt Truskawkowy 400 G|2.59|PLN|5900197007361|68|1.6|10.6|10.6
61960|Bieluch Lekki Serek Naturalny 150 G|1.99|PLN|5902061000171|81|3.0|4.5|4.5
87969|Bieluch Twaróg Półtłusty 250 G|2.89|PLN|5902061000799|115|4.0|3.8|3.8
87968|Bieluch Twaróg Tłusty 250 G|2.89|PLN|5902061000782|145|8.0|3.7|3.7
110|Ser Półtwardy Z Niebieską Pleśnią 100 G|5.99|PLN|4000504210024|337|29.0|0.0|0.0
101205|Finuu Miks Tłuszczowy Do Smarowania Bez Laktozy 200 G|7.69|PLN|5900247003084|683|75.0|1.1|1.1
31059|Galbani Ser Mozzarella Mini 150 G|5.89|PLN|8000430132267|225|17.0|1.0|1.0
62515|Sm Gostyń Mleko Gostyńskie Zagęszczone Niesłodzone Light 4% 200 G|2.15|PLN|5900691031121|104|4.0|10.0|10.0
62520|Sm Gostyń Mleko Gostyńskie Zagęszczone Niesłodzone Light 4% 500 G|4.49|PLN|5900691031138|104|4.0|10.0|10.0
62637|Hochland Ser Kremowy Gouda W Plastrach 130 G|3.39|PLN|5902899137421|266|20.0|5.4|5.4
99489|Hochland Sałatkowy Ser Typu Greckiego 180 G|6.39|PLN|4002671154200|279|24.0|0.7|0.7
94917|Hochland Ser Kremowy Śmietankowy W Trójkącikach 180 G|4.89|PLN|5902899141701|240|19.0|6.3|6.3
94919|Hochland Ser Kremowy Z Szynką W Trójkącikach 180 G|5.69|PLN|5902899141725|237|19.0|6.5|6.5
62662|Hochland Ser Kremowy W Plastrach Tost 130 G|3.39|PLN|5902899137544|270|20.0|5.4|5.4
62855|Lazur Ser Pleśniowy Srebrzysty 100 G|4.89|PLN|5907070004110|349|30.0|1.8|1.8
62856|Lazur Ser Pleśniowy Turkusowy 100 G|4.89|PLN|5907070001126|366|31.0|1.8|1.8
40778|Łaciata Śmietanka Uht Do Kawy 100 Ml (10 Sztuk)|1.15|PLN|5900820001858|120|10.0|4.5|4.5
6743|Łaciate Mleko Uht 0,5% 500 Ml|1.69|PLN|5900820000165|38|0.5|5.0|5.0
81808|Łaciate Mleko Uht O Smaku Waniliowym 200 Ml|1.39|PLN|5900820016289|64|1.5|9.5|9.5
97255|Łaciaty Jogurt Pitny Truskawka Czarna Porzeczka Bez Laktozy 250 Ml|1.45|PLN|5900820006921|66|1.8|9.5|9.5
61479|Mlekovita Masło Klarowane 250 G|9.49|PLN|5900512990705|898|99.8|0.1|0.1
89609|Mlekovita Masło Polskie Ekstra Bez Laktozy 82% 200 G|5.69|PLN|5900512982977|744|82.0|0.8|0.8
61478|Mlekovita Masło Polskie Ekstra Lekko Solone 200 G|5.29|PLN|5900512999029|742|81.5|1.0|1.0
89534|Mlekovita Maślanka Naturalna 400 G|1.35|PLN|5900512999258|45|1.5|4.8|4.8
40828|Mlekovita Wypasione Mleko Czekoladowe 200 Ml|0.99|PLN|5900512300542|66|1.5|10.0|10.0
91596|Mlekovita Polski Wiejski Bez Laktozy Serek Twarogowy Ziarnisty Ze Śmietanką 180 G|1.79|PLN|5900512980966|97|5.0|2.0|2.0
44145|Mlekovita Ser Gouda Mierzwiony 150 G|3.59|PLN|5900512110585|334|26.0|0.0|0.0
78498|Mlekovita Gouda Ser Bez Laktozy W Plastrach 150 G|3.59|PLN|5900512999814|334|26.0|0.0|0.0
61987|Mlekovita Polski Wiejski Serek Twarogowy Ziarnisty Ze Śmietanką 200 G|1.79|PLN|5900512500539|97|5.0|2.0|2.0
62238|Łaciaty Serek Śmietankowy Naturalny 135 G|2.89|PLN|5900820011468|249|23.0|4.8|4.8
62240|Łaciaty Serek Śmietankowy Z Czosnkiem 135 G|2.89|PLN|5900820011499|250|23.0|4.9|4.9
62395|Mlekpol Mazurski Smak Twaróg Chudy 250 G|3.69|PLN|5900820007874|83|0.0|3.8|3.8
61779|Mlekpol Gouda Ser Porcjowany 250 G|6.49|PLN|5900820003678|347|27.0|0.0|0.0
62766|Naturek Nasz Camembert Naturalny Ser 120 G|4.69|PLN|5901390112104|356|31.0|1.3|1.3
62770|Naturek Nasz Camembert Z Ziołami Ser 120 G|4.69|PLN|5901390152124|356|31.0|1.3|1.3
60797|Optima Cardio Margaryna Roślinna Z Dodatkiem Steroli Roślinnych 400 G|14.19|PLN|5900247002254|540|60.0|0.0|0.0
97871|Piątnica Bio Serek Wiejski 200 G|2.99|PLN|5900531050015|97|5.0|2.0|2.0
97876|Piątnica Bio Twaróg Wiejski Półtłusty 250 G|4.99|PLN|5900531054013|115|4.0|3.8|3.8
89514|Piątnica Jogurt Typu Greckiego Naturalny 150 G|1.35|PLN|5900531003103|51|0.0|4.1|4.1
78515|Piątnica Produkt Mleczny Bez Laktozy 2,0% 1 L|3.99|PLN|5901939002019|44|2.0|2.6|2.6
41672|Piątnica Serek Wiejski Lekki 500 G|4.99|PLN|5900531000072|81|3.0|2.4|2.4
62287|Piątnica Serek Wiejski Lekki 150 G|1.79|PLN|5900531000102|81|3.0|2.4|2.4
29754|Piątnica Serek Wiejski Naturalny 500 G|4.69|PLN|5900531000041|97|5.0|2.0|2.0
62288|Piątnica Serek Wiejski Z Ananasem 150 G|2.19|PLN|5900531000911|110|4.0|10.0|10.0
91172|Piątnica Skyr Jogurt Typu Islandzkiego Naturalny 150 G|1.69|PLN|5900531004544|64|0.0|4.1|4.1
91175|Piątnica Skyr Jogurt Typu Islandzkiego Waniliowy 150 G|1.99|PLN|5900531004537|82|0.0|11.0|11.0
63216|Piątnica Śmietanka 30% 200 Ml|2.59|PLN|5900531001086|292|30.0|3.3|3.3
62309|Piątnica Twarożek Domowy Grani Naturalny 150 G|1.79|PLN|5900531000300|90|4.0|2.4|2.4
62370|Piątnica Twaróg Wiejski Tłusty 250 G|3.49|PLN|5900531004025|147|8.0|3.7|3.7
44224|Piątnica Twój Smak Serek Śmietankowy Ze Szczypiorkiem 135 G|2.19|PLN|5900531000546|243|23.0|3.0|3.0
61991|Président Serek Waniliowy 400 G|5.99|PLN|5908250800980|138|6.5|14.3|14.3
62316|Président Serek Waniliowy 1 Kg|9.99|PLN|5908275688891|138|6.5|14.0|14.0
2644|Robico Kefir 1,5% 400 G|2.19|PLN|5908312380078|43|1.5|4.2|4.2
43630|Robico Kefir 1,5% 250 G|1.45|PLN|5908312380184|43|1.5|4.2|4.2
89562|Robico Kefir Bez Laktozy 1,5% 400 G|2.29|PLN|5908312380603|43|1.5|4.2|4.2
99513|Serenada Ser Żółty Królewiecki Szwajcar 135 G|4.29|PLN|5900857009032|343|26.0|1.3|1.3
63130|Zott Monte Max Deser Mleczny Z Czekoladą I Orzechami 400 G (4 X 100 G)|7.99|PLN|4014500043364|195|13.3|15.9|15.9
87051|Zott Monte White Deser Mleczny 150 G|2.49|PLN|4014500515571|184|13.5|13.1|13.1
98172|Zott Primo Śmietana 18% 330 G|2.99|PLN|5906040063263|188|18.0|3.1|3.1
98173|Zott Zottarella Ser Mozzarella Z Bazylią 125 G|4.59|PLN|4014500509525|248|19.0|1.5|1.5
61903|Almette Jogurtowy Puszysty Serek Twarogowy 150 G|4.15|PLN|5902899117225|240|21.0|5.9|5.9
94452|Almette Puszysty Serek Twarogowy Z Ziołami 120 G (4 X 30 G)|4.39|PLN|5902899141374|247|23.0|4.2|4.2
87506|Almette Puszysty Serek Twarogowy Ze Szpinakiem I Czosnkiem 150 G|4.15|PLN|5902899139470|242|22.0|3.9|3.9
61901|Almette Z Czosnkiem Niedźwiedzim Puszysty Serek Twarogowy 150 G|4.15|PLN|5902899126227|215|18.0|6.2|6.2
61898|Almette Z Pomidorami Dojrzewającymi W Słońcu Puszysty Serek Twarogowy 150 G|4.15|PLN|5902899127187|235|20.0|6.6|6.6
62740|Arla Apetina Ser Biały Typu Śródziemnomorskiego W Zalewie Olejowej Z Oliwkami I Czosnkiem 100 G|5.29|PLN|5760466799836|303|27.0|2.2|2.2
62741|Arla Apetina Ser Biały Typu Śródziemnomorskiego W Zalewie Olejowej Z Suszonymi Pomidorami 100 G|5.29|PLN|5760466912198|318|27.0|2.7|2.7
43244|Bakoma 7 Zbóż Jogurt Ze Śliwkami I Ziarnami Zbóż 140 G|1.55|PLN|5900197012891|95|2.5|15.0|15.0
43247|Bakoma 7 Zbóż Men Jogurt Z Brzoskwinią Gruszką I Ziarnami Zbóż 300 G|3.39|PLN|5900197026010|96|2.5|14.8|14.8
43248|Bakoma 7 Zbóż Men Jogurt Z Jabłkiem Pomarańczą I Zbożami 300 G|3.39|PLN|5900197026003|96|2.5|14.8|14.8
40804|Bakoma Bakuś Do Kieszonki Serek Truskawkowy 80 G|1.99|PLN|5900197014031|96|2.2|12.6|12.6
61411|Bakoma Bakuś Puszysty Serek Biszkoptowy 90 G|1.39|PLN|59028772|111|4.0|12.9|12.9
61412|Bakoma Bakuś Puszysty Serek O Smaku Czekoladowym 90 G|1.39|PLN|59017356|111|4.0|12.9|12.9
61409|Bakoma Bakuś Puszysty Serek Waniliowy 90 G|1.39|PLN|59020691|111|4.0|12.9|12.9
101588|Bakoma Jogurt Kremowy Z Malinami I Granolą 230 G|4.59|PLN|5900197023842|152|5.8|21.5|21.5
89549|Bakoma Jogurt Naturalny Bez Laktozy 400 G|3.39|PLN|5900197022746|52|2.0|5.1|5.1
60757|Bakoma Jogurt Naturalny Łagodny Smak 320 G|2.59|PLN|5900197019654|61|1.5|7.2|7.2
61386|Bakoma Men Pro Jogurt Mango Z Wysoką Zawartością Białka 230 G|2.49|PLN|5900197020452|66|1.5|5.1|5.1
61388|Bakoma Men Pro Jogurt Truskawkowy Z Wysoką Zawartością Białka 230 G|2.49|PLN|5900197020438|66|1.5|5.1|5.1
40781|Bakoma Polskie Smaki Deser Jogurtowy Z Brzoskwiniami 120 G|0.99|PLN|5900197013546|71|1.3|12.7|12.7
33278|Bakoma Polskie Smaki Deser Jogurtowy Z Owocami Leśnymi 120 G|0.99|PLN|5900197013560|71|1.3|12.7|12.7
40786|Bakoma Polskie Smaki Jogurt Kremowy Z Musem Brzoskwiniowym 120 G|1.65|PLN|5900197015489|114|5.2|14.4|14.4
40787|Bakoma Polskie Smaki Jogurt Kremowy Z Musem Truskawkowym 120 G|1.65|PLN|5900197015472|114|5.2|14.4|14.4
40785|Bakoma Polskie Smaki Jogurt Kremowy Z Musem Wiśniowym 120 G|1.65|PLN|5900197015496|114|5.2|14.4|14.4
94819|Bakoma Satino Desery Świata Paryż Deser O Smaku Pralinowym Z Musem Czekoladowym 105 G|1.69|PLN|5900197022531|140|6.7|16.1|16.1
61399|Bakoma Regnum Ser Mozzarella 200 G|3.49|PLN|5900197016387|245|18.5|1.5|1.5
101594|Bakoma Twist Jogurt Aloes-Mięta 380 G|2.59|PLN|5900197026942|68|1.6|10.6|10.6
43337|Bakoma Twist Jogurt Kawowy 400 G|2.59|PLN|5900197013683|72|1.6|11.9|11.9
101595|Bakoma Twist Jogurt Pomarańcza-Limonka 380 G|2.59|PLN|5900197026959|68|1.6|10.6|10.6
61420|Bieluch Jogurt Naturalny 180 G|1.29|PLN|5902061000423|56|2.0|5.5|5.5
87970|Bieluch Twaróg Chudy 250 G|2.89|PLN|5902061000805|86|0.0|3.5|3.5
1947|Cessibon Dekoracja W Aerozolu Na Bazie Tłuszczów Roślinnych 250 G|5.89|PLN|8711900023502|234|21.0|8.7|8.7
61510|Dublin Dairy Tradycyjne Masło Irlandzkie 200 G|10.79|PLN|5907627470306|746|82.0|1.0|1.0
61869|Džiugas Piquant Ser Twardy Dojrzewający 18 Miesięcy 180 G|12.49|PLN|4770299047883|367|26.0|0.0|0.0
1059|?pi? Ser Mascarpone 250 G|9.29|PLN|8002011000255|355|36.0|3.0|3.0
81789|Ekołukta Ekologiczny Twaróg Półtłusty 200 G|4.19|PLN|5907667874737|129|4.5|3.5|3.5
2723|Galbani Ser Grana Padano 200 G|19.99|PLN|8000430388367|398|29.0|0.0|0.0
40448|Sm Gostyń Masło Gostyńskie 250 G|6.29|PLN|5900691087203|735|83.0|0.7|0.7
62517|Sm Gostyń Mleko Gostyńskie Zagęszczone Niesłodzone 7,5% 350 G|2.89|PLN|5900691031091|131|7.5|9.4|9.4
40774|Sm Gostyń Mleko Gostyńskie Zagęszczone Niesłodzone 7,5% 1 Kg|7.99|PLN|5900691031053|131|7.5|9.4|9.4
62513|Sm Gostyń Mleko Gostyńskie Zagęszczone Niesłodzone 7,5% 200 G|1.99|PLN|5900691031046|131|7.5|9.4|9.4
62522|Sm Gostyń Gostyńskie Mleko Zagęszczone Z Błonnikiem Light 500 G|4.69|PLN|5900691032203|106|4.0|9.9|9.9
62528|Sm Gostyń Mleko Gostyńskie Zagęszczone Słodzone 150 G|3.19|PLN|5900691032111|326|8.0|55.0|55.0
62525|Sm Gostyń Mleko Gostyńskie Zagęszczone Słodzone Kakaowe 150 G|3.19|PLN|5900691032128|309|8.0|52.0|52.0
62527|Sm Gostyń Mleko Zagęszczone Słodzone O Smaku Karmelowym 150 G|3.29|PLN|5900691032142|319|8.0|55.0|55.0
89520|Greek Style Jogurt Naturalny 3,5% Tłuszczu 340 G|3.19|PLN|5906295340621|74|3.5|6.4|6.4
62636|Hochland Ser Kremowy Emmentaler W Plastrach 130 G|3.39|PLN|5902899137513|259|19.0|5.9|5.9
89890|Hochland Kanapkowy Serek Kremowy Z Prażoną Cebulką 130 G|2.89|PLN|5902899139821|201|18.0|5.2|5.2
97064|Hochland Ser Kremowy Śmietankowy 90 G|2.39|PLN|5902899142241|203|15.0|6.0|6.0
62633|Hochland Ser Kremowy Cheddar W Plastrach 130 G|3.39|PLN|5902899137575|266|20.0|5.4|5.4
94920|Hochland Ser Kremowy W Trójkącikach Z Ziołami 180 G|4.89|PLN|5902899141749|238|19.0|6.7|6.7
88029|Hochland Ser Żółty Edamski W Plastrach 135 G|3.99|PLN|5902899140735|338|26.0|0.0|0.0
62658|Hochland Ser Kremowy W Plastrach Z Szynką 130 G|3.39|PLN|5902899137452|266|20.0|4.4|4.4
43230|Jovi Duet Napój Jogurtowy O Smaku Jagoda-Wiśnia 350 G|1.99|PLN|5903767000694|67|0.8|13.0|13.0
88346|Jovi Jogurt Bez Dodatku Cukrów Banan 230 G|2.59|PLN|5903767004289|69|1.6|11.0|11.0
2722|Kerrygold Tradycyjne Masło Irlandzkie 200 G|8.49|PLN|4001954160266|748|82.5|0.7|0.7
40931|Kerrygold Tradycyjne Masło Irlandzkie Solone 200 G|8.49|PLN|4001954160587|725|80.0|0.6|0.6
63032|Kinder Mleczna Kanapka Biszkopt Z Mlecznym Nadzieniem 5 X 28 G|6.69|PLN|40084794|422|27.9|34.0|34.0
100141|Krasnystaw Chłodnik Szefa 370 G|2.59|PLN|5902057004244|50|1.7|5.2|5.2
43484|Krasnystaw Joguś Jogurt O Smaku Poziomkowym 150 G|0.99|PLN|5902057000710|83|2.5|12.5|12.5
43473|Krasnystaw Joguś Jogurt Waniliowy 400 G|2.49|PLN|5902057000826|83|2.5|12.5|12.5
61443|Krasnystaw Kefir 500 G|2.19|PLN|5902057001748|50|2.0|4.7|4.7
61441|Krasnystaw Kefir 1 Kg|3.39|PLN|5902057003285|50|2.0|4.7|4.7
61489|Krasnystaw Maślanka 500 G|1.49|PLN|5902057003841|42|1.0|4.8|4.8
62195|Krasnystaw Seruś Serek Waniliowy Z Jagodami 150 G|1.39|PLN|5902057001038|121|5.0|14.0|14.0
62198|Krasnystaw Seruś Serek Waniliowy Z Malinami 150 G|1.39|PLN|5902057003667|121|5.0|14.0|14.0
571|Krasnystaw Śmietana 18% Homogenizowana 300 G|2.79|PLN|5902057000475|188|188.0|3.9|3.9
12316|Łaciata Śmietanka 30% 500 Ml|6.79|PLN|5900820000455|292|30.0|3.3|3.3
9607|Łaciate Mleko Uht 0,5% 1 L|2.49|PLN|5900820000028|38|0.5|5.0|5.0
81976|Łaciate Mleko Uht O Smaku Bananowym 200 Ml|1.39|PLN|5900820016272|64|1.5|9.5|9.5
81807|Łaciate Mleko Uht O Smaku Czekoladowym 200 Ml|1.39|PLN|5900820016258|66|1.6|9.5|9.5
81809|Łaciate Mleko Uht O Smaku Truskawkowym 200 Ml|1.39|PLN|5900820016265|64|1.5|9.5|9.5
93189|Łaciaty Jogurt Pitny Ananas Kokos Bez Laktozy 250 Ml|1.45|PLN|5900820006938|66|1.8|9.5|9.5
102862|Łaciaty Serek Śmietankowy Z Kurkami 135 G|2.89|PLN|5900820020323|234|21.0|5.7|5.7
89516|Milko Jogurt Pitny Naturalny 330 Ml|1.75|PLN|5900820017453|50|2.0|4.6|4.6
92114|Milko Jogurt Pitny Truskawkowy 330 Ml|1.69|PLN|5900820017460|80|2.0|12.0|12.0
11407|Milko Kefir Naturalny 1 L|3.39|PLN|5900820001353|46|1.5|4.6|4.6
63567|Mlekovita Jogurt Polski Owoce Leśne 150 G|0.89|PLN|5900512350127|94|2.5|15.0|15.0
63577|Mlekovita Jogurt Polski Pitny Owoce Leśne 250 G|1.29|PLN|5900512850061|70|0.8|13.0|13.0
63569|Mlekovita Jogurt Polski Truskawkowy 150 G|0.89|PLN|5900512350097|94|2.5|15.0|15.0
63571|Mlekovita Jogurt Polski Wiśnia 150 G|0.89|PLN|5900512350110|94|2.5|15.0|15.0
105197|La Polle Camembert Classic Ser Pleśniowy 120 G|3.49|PLN|5900512980782|363|32.0|1.8|1.8
15719|Mlekovita Masło Ekstra Osełka 500 G|12.99|PLN|5900512300146|746|82.0|1.0|1.0
61476|Mlekovita Masło Polskie Ziołowe 100 G|2.89|PLN|5900512600222|688|75.0|2.2|2.2
62606|Mlekovita Mazowiecki Ser Topiony Kremowy Z Łososiem 100 G|1.59|PLN|5900512200095|272|24.0|3.0|3.0
40827|Mlekovita Wypasione Mleko Smak Truskawka 200 Ml|0.99|PLN|5900512300498|62|1.5|9.0|9.0
5086|Mlekovita Wypasione Mleko Waniliowe 200 Ml|0.99|PLN|5900512300535|62|1.5|9.0|9.0
44144|Mlekovita Ser Edamski Mierzwiony 150 G|3.59|PLN|5900512110578|334|26.0|0.0|0.0
101791|Mlekovita Ser Kuchmistrza Mascarpone 250 G|6.49|PLN|5900512983899|384|40.0|2.6|2.6
61826|Mlekovita Sokół Ser W Plastrach 150 G|3.49|PLN|5900512110172|334|26.0|0.0|0.0
62615|Mlekovita Ser Topiony Kremowy 100 G|1.59|PLN|5900512200149|295|27.0|3.0|3.0
62616|Mlekovita Ser Topiony Z Salami 100 G|1.59|PLN|5900512200170|295|27.0|3.0|3.0
62617|Mlekovita Ser Topiony Z Szynką Wędzoną 100 G|1.59|PLN|5900512200156|295|27.0|3.0|3.0
63213|Mlekovita Śmietana Polska Gęsta 12% 200 G|1.55|PLN|5900512350011|135|12.0|4.0|4.0
63217|Mlekovita Śmietanka Polska 30% 200 Ml|2.59|PLN|5900512350059|292|30.0|3.2|3.2
63220|Mlekovita Wypasiona Śmietanka Kulinarna 18% 330 Ml|2.99|PLN|5900512300474|186|18.0|3.6|3.6
63221|Mlekovita Wypasiona Śmietanka Deserowa 30% 330 Ml|4.19|PLN|5900512300481|292|30.0|3.2|3.2
64154|Mlekpol Maślanka Mrągowska Brzoskwiniowa 1 L|3.79|PLN|5900820002190|70|1.5|11.0|11.0
64159|Mlekpol Maślanka Mrągowska Truskawkowa 1 L|3.79|PLN|5900820001568|74|1.5|12.0|12.0
61782|Mlekpol Kurpiowski Ser Porcjowany 250 G|6.99|PLN|5900820003661|347|27.0|0.0|0.0
61781|Mlekpol Ostdamer Ser Porcjowany 250 G|6.99|PLN|5900820003654|347|27.0|0.0|0.0
61780|Mlekpol Podlaski Ser Porcjowany 250 G|6.49|PLN|5900820003685|347|27.0|0.0|0.0
61787|Mlekpol Ser Edam W Plastrach 150 G|3.19|PLN|5900820005535|347|27.0|0.0|0.0
61786|Mlekpol Ser Gouda Wędzona W Plastrach 150 G|3.19|PLN|5900820005511|347|27.0|0.0|0.0
40810|Müller Müllermilch Napój Mleczny O Smaku Pistacjowo-Kokosowym 400 G|2.79|PLN|4025500132446|71|1.4|11.6|11.6
63039|Müller Riso O Smaku Waniliowym Ryż Na Mleku 200 G|1.59|PLN|42244035|103|2.5|16.8|16.8
98426|Bieluch Jogurt Naturalny Nadbużański 200 G|1.99|PLN|5902061000836|110|9.0|4.0|4.0
103043|Naturek Camembert Naturalny Wyrazisty Smak 120 G|5.49|PLN|5901390004928|356|31.0|1.3|1.3
60796|Optima Omega 3 Margaryna O Zawartości Trzech Czwartych Tłuszczu 400 G|6.89|PLN|5900247002445|540|60.0|0.0|0.0
97875|Piątnica Bio Śmietana 18% 200 G|2.49|PLN|5900531009013|190|18.0|4.0|4.0
86293|Piątnica Jogurt Typu Greckiego Z Jagodami 150 G|1.59|PLN|5900531003400|94|2.4|11.0|11.0
63550|Piątnica Jogurt Typu Greckiego Z Truskawkami 150 G|1.59|PLN|5900531003202|94|2.4|11.0|11.0
29740|Piątnica Ser Mascarpone 500 G|11.99|PLN|5900531001475|394|40.0|5.1|5.1
91586|Piątnica Twój Smak Serek Śmietankowy Aksamitny Z Jogurtem 135 G|2.65|PLN|5900531006043|166|12.0|3.4|3.4
91584|Piątnica Twój Smak Serek Śmietankowy Aksamitny Z Łososiem 135 G|2.65|PLN|5900531006036|243|23.0|3.0|3.0
62296|Piątnica Serek Wiejski Z Miodem 150 G|2.19|PLN|5900531000928|139|4.0|17.0|17.0
62297|Piątnica Serek Wiejski Z Truskawkami 150 G|2.19|PLN|5900531000942|110|4.0|10.0|10.0
91178|Piątnica Skyr Jogurt Typu Islandzkiego Z Truskawkami 150 G|1.99|PLN|5900531004506|82|0.0|11.0|11.0
570|Piątnica Śmietanka Do Deserów 36% 200 G|2.49|PLN|5900531001024|346|36.0|3.3|3.3
62313|Piątnica Twaróg Sernikowy Mielony 1 Kg|13.49|PLN|5900531004056|204|18.0|2.6|2.6
62281|Piątnica Twój Smak Serek Śmietankowy Puszysty Z Łososiem 150 G|2.99|PLN|5900531000775|243|23.0|3.0|3.0
62286|Piątnica Twój Smak Serek Śmietankowy Naturalny 200 G|3.19|PLN|5900531000607|243|23.0|3.0|3.0
62670|Polmlek Capresi Serek Śmietankowy Z Ziołami 150 G|3.89|PLN|5904716004541|256|24.0|3.0|3.0
40832|Président Ser Camembert Lekki 120 G|3.29|PLN|5906207660076|197|12.0|0.2|0.2
44232|Président Rondelé Ail De Garonne Puszysty Serek Twarogowy 100 G|4.69|PLN|3228023110057|328|32.0|3.0|3.0
101234|Président Twaróg Delikatny Naturalny 150 G|1.79|PLN|5902409701494|112|7.0|3.1|3.1
78504|Rians La Roulé Francuski Ser Świeży Z Ananasem|7.59|PLN|3184670027981|305|23.0|19.0|19.0
34596|Rolmlecz Serek Naturalny 200 G|1.99|PLN|5901630000697|114|7.0|4.5|4.5
61794|Serenada Ser Żółty Radamer 250 G|5.49|PLN|5900857030166|343|26.0|1.3|1.3
81826|Serenada Ser Topiony Radamer 100 G|1.89|PLN|5900857007281|220|16.0|7.0|7.0
99511|Serenada Ser Żółty Radamer 135 G|4.29|PLN|5900857008998|343|26.0|1.3|1.3
99512|Serenada Ser Żółty Salami 135 G|4.29|PLN|5900857009056|352|27.0|1.3|1.3
62321|Sierpc Capri Serek Typu Włoskiego 220 G|3.79|PLN|5901750000409|190|14.0|3.6|3.6
61800|Sierpc Ser Królewski Light Plastry 135 G|4.59|PLN|5901753000642|301|19.0|1.6|1.6
61835|Skarby Serowara Ser Szafir 190 G|9.99|PLN|5900857005669|368|28.0|1.1|1.1
99514|Ser Złoty Radamer 135 G|4.79|PLN|5900857008868|343|26.0|1.3|1.3
44244|Tartare Apérifrais Koreczki Twarogowe Smak Włoski 100 G|11.99|PLN|3480347130900|327|31.0|3.0|3.0
12305|Jäger Ser Mozzarella 125 G|2.59|PLN|4006496019201|228|17.0|0.8|0.8
62867|Zott Milk Tiger Classic Ser Mozzarella 84 G (4 X 21 G)|5.39|PLN|4014500517711|308|23.0|2.0|2.0
28718|Zott Monte Deser Mleczny Z Czekoladą I Orzechami 330 G (6 X 55 G)|5.99|PLN|4014500043326|195|13.3|15.9|15.9
89532|Zott Primo Jogurt Typ Grecki 330 G|3.59|PLN|5906040063218|122|10.0|3.5|3.5
98171|Zott Primo Śmietana 12% 330 G|2.79|PLN|5906040063270|135|12.0|3.3|3.3
62983|Zott Zottarella Minis Ser Mozzarella 150 G|6.89|PLN|4014500509549|248|19.0|1.5|1.5
94453|Almette Puszysty Serek Twarogowy Jogurtowy 120 G (4 X 30 G)|4.39|PLN|5902899141398|240|21.0|5.9|5.9
94451|Almette Puszysty Serek Twarogowy Śmietankowy 120 G (4 X 30 G)|4.39|PLN|5902899141350|232|20.0|6.2|6.2
105967|Almette Puszysty Serek Twarogowy Śmietankowy Bez Laktozy 150 G|4.99|PLN|5902899143835|260|25.0|2.4|2.4
105968|Almette Puszysty Serek Twarogowy Z Ziołami Bez Laktozy 150 G|4.99|PLN|5902899143873|259|25.0|2.3|2.3
61904|Almette Z Ogórkiem I Ziołami Puszysty Serek Twarogowy 150 G|4.15|PLN|5902899121321|243|22.0|5.5|5.5
61905|Almette Ze Szczypiorkiem I Cebulą Puszysty Serek Twarogowy 150 G|4.15|PLN|5902899115771|230|20.0|5.8|5.8
62736|Apetina Classic Ser Biały Typu Śródziemnomorskiego 200 G|3.99|PLN|5760466736664|225|17.0|3.9|3.9
61943|Arla Apetina Serek Kremowy Naturalny 125 G|3.69|PLN|5760466986021|190|16.0|3.3|3.3
61944|Arla Apetina Serek Kremowy Pesto I Rukola 125 G|3.69|PLN|5760466986069|182|15.0|3.8|3.8
61946|Arla Apetina Serek Kremowy Pomidory I Bazylia 125 G|3.69|PLN|5760466986007|179|14.0|5.2|5.2
27323|Bakoma 7 Zbóż Jogurt Z Brzoskwiniami I Ziarnami Zbóż 140 G|1.69|PLN|5900197012914|95|2.5|15.0|15.0
60762|Bakoma 7 Zbóż Jogurt Z Gruszkami Jabłkiem I Ziarnami Zbóż 140 G|1.69|PLN|5900197012921|95|2.5|15.0|15.0
60764|Bakoma 7 Zbóż Jogurt Z Malinami I Ziarnami Zbóż 300 G|3.29|PLN|5900197015700|94|2.5|14.3|14.3
43287|Bakoma 7 Zbóż Jogurt Z Truskawkami I Ziarnami Zbóż 300 G|3.29|PLN|5900197012983|95|2.5|15.0|15.0
43243|Bakoma 7 Zbóż Jogurt Z Truskawkami I Ziarnami Zbóż 140 G|1.69|PLN|5900197012907|94|2.5|14.3|14.3
27324|Bakoma 7 Zbóż Jogurt Ze Śliwkami I Ziarnami Zbóż 300 G|3.29|PLN|5900197012990|94|2.5|14.3|14.3
43249|Bakoma 7 Zbóż Men Jogurt Z Jagodą Czarną Porzeczką I Ziarnami Zbóż 300 G|3.18|PLN|5900197026034|96|2.5|14.8|14.8
60765|Bakoma 7 Zbóż Men Jogurt Z Grejpfrutem Żurawiną I Ziarnami Zbóż 300 G|3.18|PLN|5900197026041|96|2.5|14.8|14.8
60720|Bakoma Bakuś Deser Mleczny O Smaku Czekoladowo-Orzechowym 100 G|1.89|PLN|5900197019401|163|10.0|15.1|15.1
44203|Bakoma Bakuś Do Kieszonki Serek O Smaku Waniliowym 80 G|1.99|PLN|5900197014048|98|2.2|13.1|13.1
61407|Bakoma Bakuś Puszysty Serek Truskawkowy 90 G|1.39|PLN|59020677|111|4.0|12.9|12.9
43755|Bakoma Bita Śmietanka Spray 250 G|6.99|PLN|5900197006487|230|17.0|17.0|17.0
93411|Bakoma Jogurt Bio Z Truskawkami 230 G|3.28|PLN|5900197023125|81|1.8|13.5|13.5
101587|Bakoma Jogurt Kremowy Z Brzoskwiniami I Granolą 230 G|4.59|PLN|5900197023859|152|5.8|21.5|21.5
101590|Bakoma Jogurt Kremowy Z Pomarańczą I Granolą 230 G|4.59|PLN|5900197026539|152|5.8|21.5|21.5
101589|Bakoma Jogurt Kremowy Z Wiśnią Czereśnią I Granolą 230 G|4.59|PLN|5900197025235|152|5.8|21.5|21.5
60758|Bakoma Jogurt Naturalny 0% 350 G|3.39|PLN|5900197016592|52|0.0|7.6|7.6
1692|Bakoma Kefir Naturalny 230 G|1.69|PLN|5900197000737|60|3.0|4.9|4.9
61396|Bakoma Kefir Naturalny 390 G|2.79|PLN|5900197011955|56|2.5|4.9|4.9
43240|Bakoma Kremowy Jogurt Kawowy 150 G|1.99|PLN|5900197000355|122|6.2|13.8|13.8
6128|Bakoma Kremowy Jogurt Kokosowo-Migdałowy 150 G|1.99|PLN|5900197000317|123|6.3|13.8|13.8
101574|Bakoma Men Pro Baton Wysokobiałkowy Ciasteczkowo-Śmietankowy 60 G|4.49|PLN|5900197021756|398|16.0|43.0|43.0
101576|Bakoma Men Pro Baton Wysokobiałkowy Wanilia 60 G|4.49|PLN|5900197021749|406|17.0|43.0|43.0
61387|Bakoma Men Pro Jogurt Owoce Leśne Z Wysoką Zawartością Białka 230 G|2.49|PLN|5900197020445|66|1.5|5.1|5.1
101596|Bakoma Men Pro Shake Białkowy Smak Czekoladowy 380 G|3.99|PLN|5900197025655|46|0.3|5.2|5.2
101597|Bakoma Men Pro Shake Białkowy Smak Truskawkowy 380 G|3.99|PLN|5900197025631|45|0.3|5.2|5.2
101598|Bakoma Men Pro Shake Białkowy Smak Waniliowy 380 G|3.99|PLN|5900197025648|45|0.3|5.2|5.2
101599|Bakoma Mikuś Słomki Smakowe Do Mleka O Smaku Bananowym 30 G (5 X 6 G)|1.89|PLN|5900197024955|392|0.0|98.0|98.0
101600|Bakoma Mikuś Słomki Smakowe Do Mleka O Smaku Czekoladowym 30 G (5 X 6 G)|1.99|PLN|5900197024962|388|0.9|92.0|92.0
101601|Bakoma Mikuś Słomki Smakowe Do Mleka O Smaku Truskawkowym 30 G (5 X 6 G)|1.89|PLN|5900197024948|396|0.0|99.0|99.0
40782|Bakoma Polskie Smaki Deser Jogurtowy Z Gruszkami 120 G|0.99|PLN|5900197013812|71|1.3|12.7|12.7
43253|Bakoma Premium Mild Jogurt Z Brzoskwiniami I Marakują 140 G|1.65|PLN|5900197026461|90|2.5|13.5|13.5
43255|Bakoma Premium Mild Jogurt Z Jagodami 140 G|1.65|PLN|5900197026508|90|2.5|13.5|13.5
43254|Bakoma Premium Mild Jogurt Z Owocami Leśnymi 140 G|1.65|PLN|5900197026492|90|2.5|13.5|13.5
43252|Bakoma Premium Mild Jogurt Z Truskawkami 140 G|1.65|PLN|5900197026478|90|2.5|13.5|13.5
9425|Bakoma Premium Mild Jogurt Z Wiśniami 140 G|1.65|PLN|5900197026485|90|2.5|13.5|13.5
101578|Bakoma Premium Jogurt Brzoskwiniowo-Morelowy 150 G|3.39|PLN|5900197025983|84|2.8|11.0|11.0
101579|Bakoma Premium Jogurt Jagodowo-Jeżynowy 150 G|3.39|PLN|5900197025990|84|2.8|11.0|11.0
101580|Bakoma Premium Jogurt Truskawkowy 150 G|3.39|PLN|5900197025969|84|2.8|11.0|11.0
101581|Bakoma Premium Jogurt Wiśniowy 150 G|3.39|PLN|5900197025976|84|2.8|11.0|11.0
61390|Bakoma Premium Mild Jogurt Z Jabłkiem Rodzynkami I Cynamonem 140 G|1.65|PLN|5900197026218|90|2.5|13.5|13.5
61401|Bakoma Satino Cappuccino Napój Mleczny Kawowy 240 G|2.99|PLN|5900197017575|61|1.3|9.2|9.2
61402|Bakoma Satino Espresso Napój Mleczny Kawowy 240 G|2.99|PLN|5900197017551|59|1.3|8.8|8.8
61403|Bakoma Satino Latte Napój Mleczny Kawowy 240 G|2.99|PLN|5900197017568|59|1.3|9.2|9.2
94820|Bakoma Satino Desery Świata Rzym Deser Z Białej Czekolady Z Musem Czekoladowym 105 G|1.69|PLN|5900197022524|144|6.7|17.4|17.4
94821|Bakoma Satino Desery Świata Wiedeń Deser Kawowy Z Musem Czekoladowym 105 G|1.69|PLN|5900197022517|141|6.7|16.4|16.4
94483|Bakoma Serek Bio Homogenizowany O Smaku Waniliowym 140 G|2.69|PLN|5900197025068|113|3.0|14.5|14.5
94484|Bakoma Serek Bio Homogenizowany Truskawkowy 140 G|2.69|PLN|5900197025051|113|3.0|14.5|14.5
102568|Bakoma Śmietana Bio Jogurtowa Tłuszczu 18% 180 G|2.49|PLN|5900197026331|184|18.0|3.0|3.0
40777|Bakoma Śmietanka Uht Do Kawy 100 Ml (10 Sztuk)|1.99|PLN|5900197005299|120|10.0|4.5|4.5
43123|Bakoma Twist Jogurt Poziomkowy 400 G|2.59|PLN|5900197011009|68|1.6|10.6|10.6
43120|Bakoma Twist Jogurt Żurawinowy 400 G|2.59|PLN|5900197015014|74|1.6|12.1|12.1
61548|Bieluch Gęsty Jogurt Naturalny Typu Greckiego 180 G|1.99|PLN|5902061000195|110|9.0|4.0|4.0
93186|Bieluch Serek Śmietankowy-Kanapkowy 135 G|2.59|PLN|5902061000911|168|14.0|5.0|5.0
89610|Bieluch Tradycyjne Masło Ekstra 200 G|4.59|PLN|5902061000201|743|82.0|0.6|0.6
61940|Castello Serek Kremowy Ananas 125 G|7.99|PLN|5760466872119|320|24.0|15.0|15.0
61941|Castello Serek Kremowy Pomidory I Bazylia 125 G|7.99|PLN|5711953000850|290|27.0|4.5|4.5
63250|Cessibon Bita Śmietana 250 G|6.69|PLN|8711900023946|220|18.0|12.0|12.0
42179|Chavroux Serek Twarogowy Z Mleka Koziego 150 G|12.99|PLN|3272770003148|163|12.5|4.0|4.0
72751|Cremona Classic Zabielacz W Proszku 400 G|6.15|PLN|5900910003120|549|32.5|62.2|62.2
72752|Cremona Śmietankowa Classic Zabielacz W Proszku 200 G|3.79|PLN|5900947010016|549|32.5|62.2|62.2
72753|Cremona Śmietankowa Classic Zabielacz W Proszku 80 G|1.69|PLN|5900947010023|549|32.5|62.2|62.2
3628|Cremona Śmietankowa Light Zabielacz W Proszku 200 G|3.49|PLN|5900947010146|467|16.0|79.0|79.0
42172|Danmis Serek Kozi 125 G|7.99|PLN|5901680009985|308|28.0|5.0|5.0
54812|Danone Biszkoptowy Jogurt 480 G (4 Sztuki)|5.19|PLN|5900643015544|122|6.4|13.4|13.4
78497|Džiugas Mild Ser Twardy Dojrzewający 12 Miesięcy Zmiażdżony 100 G|7.49|PLN|4770299390583|367|26.0|0.0|0.0
81843|Džiugas Ser Twardy Dojrzewający Tarty 100 G|5.49|PLN|4770299046152|362|26.0|0.0|0.0
61985|E'piu Ser Mascarpone 500 G|18.29|PLN|8002011000248|355|35.5|3.0|3.0
61876|Goat Farm Ser Kozi W Plastrach 100 G|8.89|PLN|5907627471532|384|31.0|0.0|0.0
61875|Goat Farm Ser Kozi Wędzony W Plastrach 100 G|8.99|PLN|5907627471020|318|25.0|2.1|2.1
62907|Formagia Mascarpone Ser Śmietankowy 500 G|18.49|PLN|5907627471624|385|40.0|2.1|2.1
61713|Finuu Klasyczne Miks Tłuszczowy Do Smarowania 200 G|6.59|PLN|5900012005947|682|75.0|1.1|1.1
61714|Finuu Solone Miks Tłuszczowy Do Smarowania 200 G|6.59|PLN|5900012005961|682|75.0|1.1|1.1
6133|Galbani Ser Ricotta 250 G|5.99|PLN|8000430194012|164|12.0|6.0|6.0
62789|Galbani Gorgonzola Cremoso Ser 150 G|17.49|PLN|8000430058765|316|26.0|1.5|1.5
63144|Gildo Rachelli Tiramisu 500 G|20.79|PLN|8005020008410|273|12.0|34.0|34.0
62485|Sm Gostyń Kajmak O Smaku Waniliowym Gostyński 510 G|7.99|PLN|5900691031367|288|7.2|49.0|49.0
62476|Sm Gostyń Mleko Gostyńskie Uht 2,0% 500 Ml|1.85|PLN|5900691080907|51|2.0|4.9|4.9
62477|Sm Gostyń Mleko Gostyńskie Uht 3,2% 500 Ml|1.99|PLN|5900691080808|61|3.2|4.8|4.8
47435|Sm Gostyń Mleko Gostyńskie Zagęszczone Niesłodzone Z Magnezem Light 4% 350 G|2.99|PLN|5900691031664|104|4.0|10.0|10.0
62523|Sm Gostyń Gostyńskie Mleko Zagęszczone Z Magnezem Light 500 G|4.69|PLN|5900691032197|104|4.0|10.0|10.0
191|Sm Gostyń Mleko W Proszku Odtłuszczone Granulowane 250 G|4.59|PLN|5900691033217|357|1.0|52.0|52.0
61923|Gratino Ser Tarty Dehydrowany 40 G|2.65|PLN|5900001447598|467|31.7|2.0|2.0
63092|Grikios Miękki Ser Kwasowo-Podpuszczkowy Dojrzewający W Solance 200 G|8.69|PLN|5907627470733|256|20.0|1.0|1.0
93398|Hochland Kanapkowy Mini Serek Twarogowy Śmietankowy 120 G (4 X 30 G)|2.99|PLN|5902899141244|206|19.0|3.7|3.7
89887|Hochland Kanapkowy Serek Kremowy Śmietankowy 130 G|3.19|PLN|5902899139623|206|19.0|3.7|3.7
89888|Hochland Kanapkowy Serek Kremowy Z Czosnkiem I Ziołami 130 G|2.89|PLN|5902899139784|212|19.0|5.6|5.6
89889|Hochland Kanapkowy Serek Kremowy Z Ogórkiem I Koperkiem 130 G|2.89|PLN|5902899139746|200|18.0|4.8|4.8
89891|Hochland Kanapkowy Serek Kremowy Z Szynką 130 G|2.89|PLN|5902899139708|200|18.0|4.7|4.7
89892|Hochland Kanapkowy Serek Kremowy Ze Szczypiorkiem 130 G|2.89|PLN|5902899139661|204|18.0|5.8|5.8
105686|Hochland Sałatkowy Ser Typu Greckiego W Kostkach Z Ziołami Śródziemnomorskimi 135 G|6.99|PLN|4002671154231|279|24.0|0.7|0.7
97065|Hochland Ser Kremowy Emmentaler 90 G|2.39|PLN|5902899142067|203|15.0|5.9|5.9
98259|Hochland Ser Kremowy Gouda 90 G|2.39|PLN|5902899142104|203|15.0|6.0|6.0
62656|Hochland Ser Kremowy W Plastrach Ze Szczypiorkiem 130 G|3.39|PLN|5902899137605|264|20.0|5.0|5.0
98260|Hochland Ser Kremowy Z Papryką 90 G|2.39|PLN|5902899142142|203|15.0|6.0|6.0
98261|Hochland Ser Kremowy Z Pieczarkami 90 G|2.39|PLN|5902899142166|202|15.0|5.8|5.8
98262|Hochland Ser Kremowy Z Salami 90 G|2.39|PLN|5902899142180|201|15.0|5.4|5.4
97066|Hochland Ser Kremowy Z Szynką 90 G|2.39|PLN|5902899142227|205|15.0|5.4|5.4
98264|Hochland Ser Kremowy Z Ziołami 90 G|2.39|PLN|5902899142265|202|15.0|5.7|5.7
98263|Hochland Ser Kremowy Ze Szczypiorkiem I Cebulą 90 G|2.39|PLN|5902899142203|203|15.0|5.9|5.9
62661|Hochland Ser Kremowy Śmietankowy W Plastrach 130 G|3.39|PLN|5902899137667|268|20.0|5.9|5.9
91604|Hochwald Kawa Mrożona 250 Ml|2.79|PLN|4003490096542|54|0.8|8.6|8.6
91603|Hochwald Kawa Mrożona 0,5 L|2.89|PLN|4001431909654|50|1.1|7.5|7.5
62839|Igor Ser Gorgonzola Dolce 180 G|9.99|PLN|8021398443882|327|27.0|0.5|0.5
62840|Igor Ser Gorgonzola Piccante 180 G|11.29|PLN|8021398443905|348|29.6|0.12|0.12
63633|Jovi Duet Napój Jogurtowy O Smaku Banan-Truskawka 350 G|1.99|PLN|5903767007488|67|0.8|13.0|13.0
43232|Jovi Duet Napój Jogurtowy O Smaku Jabłko-Gruszka 350 G|1.99|PLN|5903767007471|68|0.8|13.0|13.0
92149|Jovi Duet Napój Jogurtowy O Smaku Kokos-Migdał 350 G|1.99|PLN|5903767008355|69|0.8|14.0|14.0
43231|Jovi Duet Napój Jogurtowy O Smaku Malina-Czerwona Porzeczka 350 G|1.99|PLN|5903767000700|68|0.8|13.0|13.0
92151|Jovi Duet Napój Jogurtowy O Smaku Melon-Truskawka 350 G|1.99|PLN|5903767008362|70|0.8|14.0|14.0
43229|Jovi Duet Napój Jogurtowy O Smaku Truskawka-Kiwi 350 G|1.99|PLN|5903767000687|67|0.8|13.0|13.0
88362|Jovi Jogurt Bez Dodatku Cukrów Malina 230 G|2.59|PLN|5903767004265|67|1.6|10.4|10.4
2667|Jovi Jogurt Naturalny 0% Tłuszczu 370 G|2.69|PLN|5903767004999|49|0.2|6.7|6.7
88361|Jovi Jogurt Bez Dodatku Cukrów Truskawka 230 G|2.59|PLN|5903767004258|68|1.6|10.6|10.6
63637|Jovi Kefir Owoce Leśne 350 G|2.59|PLN|5903767008775|68|1.3|10.8|10.8
63638|Jovi Kefir Suszona Śliwka 350 G|2.59|PLN|5903767008782|68|1.3|10.7|10.7
89564|Jovi Kefir Truskawkowy 350 G|2.59|PLN|5903767008768|67|1.3|10.7|10.7
92148|Jovi Duet Napój Jogurtowy O Smaku Gujawa-Morela 350 G|1.99|PLN|5903767004685|68|0.8|14.0|14.0
89559|Jovi Zsiadłe Mleko 370 G|1.89|PLN|5903767005231|50|2.0|4.8|4.8
81847|Joya Sojowa Alternatywa Jogurtu Naturalnego 200 G|3.39|PLN|9020200017944|50|2.6|1.5|1.5
81846|Joya Sojowa Alternatywa Jogurtu Truskawkowego 200 G|4.49|PLN|9020200017968|85|2.1|12.3|12.3
8981|Kinder Pingui Choco Biszkopt Z Mlecznym Nadzieniem Pokryty Czekoladą 30 G|1.69|PLN|4008400290126|446|28.3|41.5|41.5
63451|Krasnystaw Chłodnik 500 G|2.29|PLN|5902057002790|46|1.8|4.5|4.5
97253|Krasnystaw Jogurt Typ Grecki 250 G|1.49|PLN|5902057004619|118|9.0|4.4|4.4
43477|Krasnystaw Joguś Jogurt Brzoskwiniowy 150 G|0.99|PLN|5902057000086|83|2.5|12.5|12.5
43475|Krasnystaw Joguś Jogurt Brzoskwiniowy 400 G|2.79|PLN|5902057000383|83|2.5|12.5|12.5
64035|Krasnystaw Joguś Jogurt Do Picia Brzoskwiniowy 350 G|1.99|PLN|5902057003728|70|1.8|10.6|10.6
99352|Krasnystaw Joguś Jogurt Do Picia Jabłko Ze Smakiem Mięty 350 G|2.29|PLN|5902057003759|70|1.8|10.6|10.6
64036|Krasnystaw Joguś Jogurt Do Picia Jagodowy 350 G|1.99|PLN|5902057003773|70|1.8|10.6|10.6
64037|Krasnystaw Joguś Jogurt Do Picia Truskawkowy 350 G|1.99|PLN|5902057003735|70|1.8|10.6|10.6
64038|Krasnystaw Joguś Jogurt Do Picia Żurawinowy 400 G|1.99|PLN|5902057003766|70|1.8|10.6|10.6
43474|Krasnystaw Joguś Jogurt Jagodowy 400 G|2.49|PLN|5902057000420|83|2.5|12.5|12.5
43476|Krasnystaw Joguś Jogurt O Smaku Poziomkowym 400 G|2.49|PLN|5902057000697|83|2.5|12.5|12.5
43472|Krasnystaw Joguś Jogurt Truskawkowy 400 G|2.49|PLN|5902057000390|83|2.5|12.5|12.5
64034|Krasnystaw Joguś Jogurt Wiśniowy 150 G|0.99|PLN|5902057000031|83|2.5|12.5|12.5
2638|Krasnystaw Kefir 400 G|1.69|PLN|5902057000345|57|2.0|5.7|5.7
43581|Krasnystaw Kefir 250 G|1.1|PLN|5902057000802|57|2.0|5.7|5.7
89551|Krasnystaw Maślanka 300 G|1.19|PLN|5902057003889|53|2.0|5.0|5.0
64050|Krasnystaw Maślanka Brzoskwiniowa 300 G|1.29|PLN|5902057003872|60|0.9|9.9|9.9
60415|Krasnystaw Maślanka Truskawkowa 300 G|1.29|PLN|5902057003865|60|0.9|9.9|9.9
2690|Krasnystaw Serek Wiejski 200 G|1.89|PLN|5902057000581|97|5.0|2.0|2.0
62200|Krasnystaw Seruś Serek Waniliowy Z Truskawkami 150 G|1.39|PLN|5902057000949|121|5.0|14.0|14.0
1102|Krasnystaw Śmietana 12% Homogenizowana 300 G|2.39|PLN|5902057000482|135|12.0|4.0|4.0
29777|Krasnystaw Twaróg Mielony 1 Kg|11.79|PLN|5902057001281|103|5.0|3.5|3.5
61451|Krasnystaw Zsiadłe Mleko 500 G|1.89|PLN|5902057001267|46|2.0|4.0|4.0
62040|Lactima Ser Sałatkowy Typu Bałkańskiego 200 G|5.89|PLN|5901126012845|233|18.0|3.0|3.0
94454|Lactima Dip Serowy Do Nachos Jalape?o 150 G|3.59|PLN|5901126013743|197|14.0|5.7|5.7
91324|Lactima Haga Serek Twarogowy Śmietankowy 100 G (6 X 16,67 G)|2.99|PLN|5901126013613|282|26.0|4.0|4.0
81803|Lactima Ser Topiony Emmentaler 130 G|2.99|PLN|5901126013507|203|14.0|6.3|6.3
81804|Lactima Ser Topiony Gouda 130 G|2.99|PLN|5901126013514|203|14.0|6.3|6.3
81802|Lactima Ser Topiony Ze Śmietanką 130 G|2.99|PLN|5901126013552|193|14.0|4.8|4.8
81805|Lactima Ser Topiony Z Szynką 130 G|2.99|PLN|5901126013521|202|14.0|5.9|5.9
105720|Lactima Ser Topiony Gouda 140 G (8 X 17,5 G)|3.19|PLN|5901126012272|224|16.0|5.0|5.0
62697|Lactima Ser Topiony Ze Śmietanką 140 G (8 X 17,5 G)|3.19|PLN|5901126011015|229|16.0|4.3|4.3
96687|Lactima Ser Topiony Z Szynką 140 G (8 X 17,5 G)|3.19|PLN|5901126010568|227|16.0|4.9|4.9
12317|Łaciata Śmietanka 12% 500 Ml|3.99|PLN|5900820000431|137|12.0|4.2|4.2
33418|Łaciata Śmietanka 18% 250 Ml|2.39|PLN|5900820008062|189|18.0|4.0|4.0
12315|Łaciata Śmietanka 18% 500 Ml|4.69|PLN|5900820000448|189|18.0|4.0|4.0
62505|Łaciate Mleko Świeże 3,2% 1 L|2.55|PLN|5900820012229|60|3.2|4.7|4.7
9608|Łaciate Mleko Uht 0% 1 L|2.49|PLN|5900820000219|33|0.0|5.0|5.0
40816|Łaciate Mleko Uht Zagęszczone Niesłodzone 7,5% 250 Ml|2.39|PLN|5900820008031|131|7.5|9.4|9.4
61414|Maluta Ayran Turecki Przysmak 320 G|1.99|PLN|5904467432501|34|1.5|3.0|3.0
36181|Maluta Jogurt Typ Bałkański Lekki 340 G|3.19|PLN|5904467109267|71|3.0|6.5|6.5
91592|Maluta Solan Ser Typu Bałkańskiego 200 G|6.99|PLN|5904467711156|267|21.0|3.4|3.4
1707|Masmix Extra Śmietankowy Miks O Zmniejszonej Zawartości Tłuszczu 380 G|4.99|PLN|5900247000403|500|55.0|0.7|0.7
2095|Masmix Klasyczny Miks O Zmniejszonej Zawartości Tłuszczu 400 G|4.99|PLN|5900247000076|499|55.0|0.7|0.7
1705|Masmix Klasyczny Miks O Zmniejszonej Zawartości Tłuszczu 225 G|3.69|PLN|5900247000113|499|55.0|0.7|0.7
61733|Masmix Pełnomleczny Miks O Zmniejszonej Zawartości Tłuszczu 380 G|5.89|PLN|5900247002148|546|60.0|0.9|0.9
62882|Milkeffekt Rumcajs Serowy Warkoczyk Naturalny 50 G|3.39|PLN|8594032990788|237|13.5|1.0|1.0
94219|Milko Acti Vege Jogurt Czarna Porzeczka Burak Z Błonnikiem 330 Ml|2.69|PLN|5900820019389|83|1.9|12.0|12.0
94217|Milko Acti Vege Jogurt Jarmuż Kiwi Z Błonnikiem 330 Ml|2.69|PLN|5900820019372|83|1.9|12.0|12.0
94218|Milko Acti Vege Jogurt Marchew Mango Z Błonnikiem 330 Ml|2.69|PLN|5900820019365|83|1.9|12.0|12.0
99354|Milko Fun Jogurt Malina Z Granatem 330 Ml|2.69|PLN|5900820019662|85|2.0|13.5|13.5
99355|Milko Fun Jogurt Melon Z Poziomkami 330 Ml|2.69|PLN|5900820019679|85|2.0|13.5|13.5
99356|Milko Fun Jogurt Truskawka Z Kiwi 330 Ml|2.69|PLN|5900820019686|85|2.0|13.5|13.5
92112|Milko Jogurt Pitny Czerwona Pomarańcza 330 Ml|1.69|PLN|5900820017477|84|2.0|13.0|13.0
92113|Milko Jogurt Pitny Morelowy 330 Ml|1.69|PLN|5900820017507|80|2.0|12.0|12.0
98427|Milko Jogurt Tiramisu 330 Ml|2.69|PLN|5900820017446|88|2.0|14.0|14.0
100749|Milko Jogurt Słony Karmel 330 Ml|2.69|PLN|5900820019594|86|2.0|13.5|13.5
98428|Milko Jogurt Stracciatella 330 Ml|2.69|PLN|5900820017439|94|2.3|15.0|15.0
92115|Milko Jogurt Pitny Wiśniowy 330 Ml|1.69|PLN|5900820017491|80|2.0|12.0|12.0
92116|Milko Jogurt Pitny Żurawinowy 330 Ml|1.69|PLN|5900820017484|84|2.0|13.0|13.0
89557|Milko Kefir Naturalny 330 Ml|1.85|PLN|5900820017514|46|1.5|4.6|4.6
89467|Milko Maślanka Naturalna 330 Ml|1.45|PLN|5900820017521|48|1.5|5.0|5.0
43564|Milko Maślanka Naturalna 1 L|3.39|PLN|5900820001308|48|1.5|5.0|5.0
98429|Milko Maślanka Truskawkowa 330 Ml|1.69|PLN|5900820017538|74|1.5|12.0|12.0
62020|Mlekovita Darek Serek Homogenizowany Czekoladowy 150 G|1.29|PLN|5900512300740|131|5.0|16.0|16.0
62019|Mlekovita Darek Serek Homogenizowany Jabłecznikowy 150 G|1.29|PLN|5900512300757|131|5.0|16.0|16.0
62021|Mlekovita Darek Serek Homogenizowany Truskawkowy 150 G|1.29|PLN|5900512300719|131|5.0|16.0|16.0
62023|Mlekovita Darek Serek Homogenizowany Waniliowy 150 G|1.29|PLN|5900512300702|131|5.0|16.0|16.0
61730|Mlekovita Dobrej Gospodyni Tłuszcz Roślinny 250 G|1.39|PLN|5900512600109|630|70.0|0.0|0.0
62613|Mlekovita Ser Topiony Ementaler 100 G|1.59|PLN|5900512200323|295|27.0|3.0|3.0
62787|Mlekovita Favita Ser Sałatkowo-Kanapkowy Półtłusty 270 G|3.69|PLN|5900512700021|218|16.0|6.5|6.5
101189|Mlekovita Jogurt Polski Bez Laktozy Gruszka 310 G|1.89|PLN|5900512983486|85|2.2|13.0|13.0
101186|Mlekovita Jogurt Polski Bez Laktozy Truskawka 310 G|1.89|PLN|5900512983479|85|2.2|13.0|13.0
89519|Mlekovita Kefir Polski Naturalny 1 Kg|2.69|PLN|5900512850290|51|2.0|4.8|4.8
61475|Mlekovita Masło Polskie Czosnkowe 100 G|2.89|PLN|5900512600239|692|75.0|3.2|3.2
63640|Mlekovita Maślanka Stracciatella 400 G|1.79|PLN|5900512999265|72|1.3|12.0|12.0
63641|Mlekovita Maślanka Truskawkowa 400 G|1.79|PLN|5900512999241|71|1.3|12.0|12.0
62604|Mlekovita Mazowiecki Ser Topiony Kremowy 100 G|1.59|PLN|5900512200019|272|24.0|3.0|3.0
62685|Mlekovita Mazowiecki Ze Szczypiorkiem Ser Topiony Kremowy 100 G|1.59|PLN|5900512200101|272|24.0|3.0|3.0
62605|Mlekovita Mazowiecki Ser Topiony Kremowy Z Czosnkiem 100 G|1.59|PLN|5900512200064|272|24.0|3.0|3.0
62607|Mlekovita Mazowiecki Ser Topiony Kremowy Z Szynką Wędzoną 100 G|1.59|PLN|5900512200026|272|24.0|3.0|3.0
8652|Mlekovita Mleko W Proszku Pełne 400 G|7.99|PLN|5900512400044|498|26.0|40.0|40.0
89550|Mlekovita Mleko Zsiadłe Polskie 370 G|1.49|PLN|5900512350219|50|2.0|4.8|4.8
63695|Mlekovita Jogurt Z Owsianką Bananowy 180 G|1.65|PLN|5900512990293|87|2.0|13.8|13.8
63697|Mlekovita Jogurt Z Owsianką Truskawkowy 180 G|1.65|PLN|5900512990286|87|2.0|13.8|13.8
47437|Mlekovita Palma Z Mlekovity Tłuszcz Roślinny Do Pieczenia I Smażenia 250 G|1.39|PLN|5900512600123|630|70.0|0.0|0.0
44142|Mlekovita Ser Morski Mierzwiony 150 G|3.59|PLN|5900512110554|321|25.0|0.0|0.0
78499|Mlekovita Sokół Ser Bez Laktozy W Plastrach 150 G|3.59|PLN|5900512999821|334|26.0|0.0|0.0
43718|Mlekovita Ser Topiony Z Pieczarkami 100 G|1.59|PLN|5900512200163|295|27.0|3.0|3.0
96685|Mlekovita Ser Sokół Premium 250 G|5.59|PLN|5900512500010|334|26.0|0.0|0.0
63214|Mlekovita Śmietana Polska Gęsta 18% 200 G|1.75|PLN|5900512350035|188|18.0|4.2|4.2
63219|Mlekovita Wypasiona Śmietanka Kulinarna 12% 330 Ml|2.49|PLN|5900512300467|134|12.0|3.8|3.8
62471|Mlekovita Wypasione Mleko Zagęszczone 350 G|2.49|PLN|5900512300450|134|7.5|11.0|11.0
62472|Mlekovita Wypasione Mleko Zagęszczone Z Magnezem Light 350 G|2.49|PLN|5900512450100|89|2.5|11.0|11.0
62784|Mlekovita Zakopiańskie Specjały Przekąska Serowa Faruki Korbacze Wędzone 100 G|4.49|PLN|5900512950013|281|17.0|2.0|2.0
62851|Mlekovita Zakopiańskie Specjały Gołka Zakopiańska Ser Wędzony 135 G|4.49|PLN|5900512900070|267|18.5|0.0|0.0
62245|Łaciaty Serek Puszysty Meksykański Smak 150 G|3.49|PLN|5900820011550|250|23.0|4.9|4.9
62237|Łaciaty Serek Śmietankowy Z Cebulą I Szczypiorkiem 135 G|2.89|PLN|5900820011512|250|23.0|4.9|4.9
62239|Łaciaty Serek Śmietankowy Z Chrzanem 135 G|2.89|PLN|5900820011482|231|21.0|5.0|5.0
64164|Mlekpol Maślanka Mrągowska Pieczone Jabłka 1 L|3.79|PLN|5900820004903|74|1.5|12.0|12.0
63689|Müller Mix Jogurt O Smaku Pistacjowym Z Ciasteczkami Migdałowymi 130 G|1.79|PLN|42287216|144|4.5|20.8|20.8
81816|Müller Müllermilch Napój Mleczny O Smaku Czekoladowo-Orzechowym 377 Ml|2.79|PLN|4025500204259|78|1.6|12.4|12.4
35533|Müller Müllermilch Napój Mleczny O Smaku Czekoladowym 400 G|2.79|PLN|4025500132477|74|1.6|11.4|11.4
100511|Müller Müllermilch Napój Mleczny O Smaku Słonego Karmelu 400 G|2.79|PLN|4025500249175|71|1.4|11.4|11.4
40809|Müller Müllermilch Napój Mleczny O Smaku Truskawkowym 400 G|2.79|PLN|4025500135645|67|1.3|10.6|10.6
40808|Müller Müllermilch Napój Mleczny O Smaku Waniliowym 400 G|2.79|PLN|4025500132415|76|1.4|12.4|12.4
102630|Müller Püding Deser Mleczny O Smaku Czekoladowym Z Sosem O Smaku Czekoladowym 450 G|4.39|PLN|42392170|104|2.1|18.0|18.0
102629|Müller Püding Deser Mleczny O Smaku Czekoladowym Z Sosem O Smaku Waniliowym 450 G|4.39|PLN|42356127|106|2.4|17.9|17.9
63035|Müller Riso Czekolada Ryż Na Mleku 200 G|1.59|PLN|40858029|110|2.5|18.3|18.3
63036|Müller Riso Karmel Ryż Na Mleku 200 G|1.59|PLN|40858142|102|2.4|16.7|16.7
63038|Müller Riso Ryż Na Mleku Malina 200 G|1.59|PLN|42235736|106|2.2|18.3|18.3
81827|Müller Riso Original Deser Mleczno-Ryżowy 200 G|1.59|PLN|42235729|101|2.6|15.8|15.8
63040|Müller Riso O Smaku Pistacjowym Ryż Na Mleku 200 G|1.59|PLN|42274377|108|2.2|18.3|18.3
63037|Müller Riso Ryż Na Mleku Truskawka 200 G|1.59|PLN|40858227|102|2.1|17.8|17.8
62889|Naturek Nasz Kozi Serek Do Smarowania Łagodny 150 G|5.69|PLN|5901524201124|151|11.0|4.0|4.0
62743|Naturek Nasz Brie Lekki 125 G|4.99|PLN|5901390127221|279|21.0|1.6|1.6
61162|Naturek Nasz Puszysty Z Ziołami Serek Twarogowy 140 G|3.29|PLN|5901524262736|261|24.0|3.9|3.9
61164|Naturek Nasz Puszysty Ze Szczypiorkiem Serek Twarogowy 140 G|3.29|PLN|5901524262729|261|24.0|3.9|3.9
62744|Naturek Nasz Brie Naturalny 125 G|4.99|PLN|5901390122219|356|31.0|1.3|1.3
62745|Naturek Nasz Brie Z Ziołami 125 G|4.99|PLN|5901390123223|356|31.0|1.3|1.3
61172|Naturek Nasz Camembert Z Grzybami Ser 120 G|4.99|PLN|5901390116126|356|31.0|1.3|1.3
62768|Naturek Nasz Camembert Z Zielonym Pieprzem Ser 120 G|4.69|PLN|5901390155101|356|31.0|1.3|1.3
62762|Naturek Nasz Camembert Lekki 120 G|4.99|PLN|5901390117123|279|21.0|1.6|1.6
61743|Naturima Margaryna 400 G|4.89|PLN|5900012006005|741|82.0|0.5|0.5
61746|Optima Cardio Margaryna Roślinna Z Dodatkiem Steroli Roślinnych 225 G|8.59|PLN|5900247002438|540|60.0|0.0|0.0
87530|Optima Cardio Potas+ Margaryna Z Dodatkiem Steroli Roślinnych 400 G|14.19|PLN|5900247002841|540|60.0|0.0|0.0
61747|Optima Neuro Margaryna Półtłusta 400 G|6.89|PLN|5900247002650|360|40.0|0.0|0.0
62912|Osm Grodzisk Mazowiecki Latteó Mozzarella Naturalna 250 G|5.99|PLN|5901166000017|231|17.0|0.5|0.5
5049|Osm Grodzisk Mazowiecki Latteó Mozzarella Wędzona 220 G|5.99|PLN|5901166000130|233|17.0|1.0|1.0
63548|Piątnica Jogurt Typu Greckiego Z Brzoskwinią I Marakują 150 G|1.59|PLN|5900531003608|94|2.4|11.0|11.0
63552|Piątnica Jogurt Typu Greckiego Z Wiśniami I Wanilią 150 G|1.59|PLN|5900531003615|94|2.4|11.0|11.0
80521|Piątnica Kefir 2% Tłuszczu 330 Ml|1.79|PLN|5900531003776|52|2.0|4.3|4.3
89543|Piątnica Kefir 0% Tłuszczu 330 Ml|1.79|PLN|5900531003769|35|0.0|4.8|4.8
78494|Piątnica Masło Ekstra 200 G|5.99|PLN|5901939030012|744|82.0|0.7|0.7
91597|Piątnica Milandia Ogród Smaków Ser Twarogowy Z Mascarpone Cebulka Szalotka I Zioła 150 G|3.59|PLN|5901939020044|276|24.0|5.0|5.0
44141|Piątnica Milandia Ogród Smaków Ser Twarogowy Z Mascarpone Naturalnie Śmietankowy 150 G|3.59|PLN|5901939020013|276|24.0|5.0|5.0
44138|Piątnica Milandia Ogród Smaków Ser Twarogowy Z Mascarpone Papryka Pomidor I Bazylia 150 G|3.59|PLN|5901939020020|276|24.0|5.0|5.0
91585|Piątnica Twój Smak Serek Śmietankowy Aksamitny Klasyczny 135 G|2.65|PLN|5900531006005|243|23.0|3.0|3.0
91587|Piątnica Twój Smak Serek Śmietankowy Aksamitny Ziołowy 135 G|2.65|PLN|5900531006012|243|23.0|3.0|3.0
86291|Piątnica Jogurt Typu Greckiego Z Malinami 150 G|1.59|PLN|5900531003301|94|2.4|11.0|11.0
63561|Piątnica Piątuś Jogurt Kremowy Bananowy 125 G|1.45|PLN|5900531003646|85|2.3|9.5|9.5
63562|Piątnica Piątuś Jogurt Kremowy Truskawkowy 125 G|1.45|PLN|5900531003622|86|2.4|9.5|9.5
63563|Piątnica Piątuś Jogurt Kremowy Waniliowy 125 G|1.45|PLN|5900531003639|87|2.4|9.5|9.5
44214|Piątnica Serek Wiejski Ze Szczypiorkiem 150 G|1.79|PLN|5900531000201|97|5.0|2.0|2.0
104212|Piątnica Skyr Jogurt Pitny Typu Islandzkiego Jagoda 330 Ml|3.19|PLN|5901939103099|78|1.5|9.5|9.5
104213|Piątnica Skyr Jogurt Pitny Typu Islandzkiego Mango & Marakuja 330 Ml|3.19|PLN|5901939103068|80|1.5|10.0|10.0
91177|Piątnica Skyr Jogurt Typu Islandzkiego Z Jagodami 150 G|1.99|PLN|5900531004513|82|0.0|11.0|11.0
43803|Piątnica Śmietana Do Sałatek Sosów Zup 12% 400 G|2.49|PLN|5900531001109|139|12.0|4.9|4.9